Cable 3.5mm Plug A 2rca Jack 6ft Av208,3.32,https://eckomusic.com/wp-content/uploads/2022/03/013654-300x300.jpg
Cable 3.5mm Plug A 2rca Jack 6ft Av208,3.32,https://eckomusic.com/wp-content/uploads/2022/03/013654-300x300.jpg
Cable 3.5mm Plug A 2rca Jack 6ft Av208,3.32,https://eckomusic.com/wp-content/uploads/2022/03/013654-300x300.jpg
Cable 3.5mm Plug A 2rca Jack 6ft Av208,3.32,https://eckomusic.com/wp-content/uploads/2022/03/013654-300x300.jpg
Cable 3.5mm Plug A 2rca Jack 6ft Av208,3.32,https://eckomusic.com/wp-content/uploads/2022/03/013654-300x300.jpg
Cable 3.5mm Plug A 2rca Jack 6ft Av208,3.32,https://eckomusic.com/wp-content/uploads/2022/03/013654-300x300.jpg
Cable 3.5mm Plug A 2rca Jack 6ft Av208,3.32,https://eckomusic.com/wp-content/uploads/2022/03/013654-300x300.jpg
Cable 3.5mm Plug A 2rca Jack 6ft Av208,3.32,https://eckomusic.com/wp-content/uploads/2022/03/013654-300x300.jpg
Cable 3.5mm Plug A 2rca Jack 6ft Av208,3.32,https://eckomusic.com/wp-content/uploads/2022/03/013654-300x300.jpg
Cable 3.5mm Plug A 2rca Jack 6ft Av208,3.32,https://eckomusic.com/wp-content/uploads/2022/03/013654-300x300.jpg
Cable 3.5mm Plug A 2rca Jack 6ft Av208,3.32,https://eckomusic.com/wp-content/uploads/2022/03/013654-300x300.jpg
Cable 3.5mm Plug A 2rca Jack 6ft Av208,3.32,https://eckomusic.com/wp-content/uploads/2022/03/013654-300x300.jpg
Cable 3.5mm Plug A 2rca Jack 6ft Av208,3.32,https://eckomusic.com/wp-content/uploads/2022/03/013654-300x300.jpg
