Podium Sky De Conferencia Con Micrófono Csv540bk/Wt212,802.42,https://eckomusic.com/wp-content/uploads/2022/06/008691-300x300.jpg
Podium Sky De Conferencia Con Micrófono Csv540bk/Wt212,802.42,https://eckomusic.com/wp-content/uploads/2022/06/008691-300x300.jpg
Podium Sky De Conferencia Con Micrófono Csv540bk/Wt212,802.42,https://eckomusic.com/wp-content/uploads/2022/06/008691-300x300.jpg
Podium Sky De Conferencia Con Micrófono Csv540bk/Wt212,802.42,https://eckomusic.com/wp-content/uploads/2022/06/008691-300x300.jpg
Podium Sky De Conferencia Con Micrófono Csv540bk/Wt212,802.42,https://eckomusic.com/wp-content/uploads/2022/06/008691-300x300.jpg
Podium Sky De Conferencia Con Micrófono Csv540bk/Wt212,802.42,https://eckomusic.com/wp-content/uploads/2022/06/008691-300x300.jpg
Podium Sky De Conferencia Con Micrófono Csv540bk/Wt212,802.42,https://eckomusic.com/wp-content/uploads/2022/06/008691-300x300.jpg
Podium Sky De Conferencia Con Micrófono Csv540bk/Wt212,802.42,https://eckomusic.com/wp-content/uploads/2022/06/008691-300x300.jpg
Podium Sky De Conferencia Con Micrófono Csv540bk/Wt212,802.42,https://eckomusic.com/wp-content/uploads/2022/06/008691-300x300.jpg
Podium Sky De Conferencia Con Micrófono Csv540bk/Wt212,802.42,https://eckomusic.com/wp-content/uploads/2022/06/008691-300x300.jpg
Podium Sky De Conferencia Con Micrófono Csv540bk/Wt212,802.42,https://eckomusic.com/wp-content/uploads/2022/06/008691-300x300.jpg
Podium Sky De Conferencia Con Micrófono Csv540bk/Wt212,802.42,https://eckomusic.com/wp-content/uploads/2022/06/008691-300x300.jpg
Podium Sky De Conferencia Con Micrófono Csv540bk/Wt212,802.42,https://eckomusic.com/wp-content/uploads/2022/06/008691-300x300.jpg
