LED ITALY AUDIO SPIDER LIGHT 8X10W  SPB403K,447.62,https://eckomusic.com/wp-content/uploads/2022/07/009201-300x300.jpg
LED ITALY AUDIO SPIDER LIGHT 8X10W  SPB403K,447.62,https://eckomusic.com/wp-content/uploads/2022/07/009201-300x300.jpg
LED ITALY AUDIO SPIDER LIGHT 8X10W  SPB403K,447.62,https://eckomusic.com/wp-content/uploads/2022/07/009201-300x300.jpg
LED ITALY AUDIO SPIDER LIGHT 8X10W  SPB403K,447.62,https://eckomusic.com/wp-content/uploads/2022/07/009201-300x300.jpg
LED ITALY AUDIO SPIDER LIGHT 8X10W  SPB403K,447.62,https://eckomusic.com/wp-content/uploads/2022/07/009201-300x300.jpg
LED ITALY AUDIO SPIDER LIGHT 8X10W  SPB403K,447.62,https://eckomusic.com/wp-content/uploads/2022/07/009201-300x300.jpg
LED ITALY AUDIO SPIDER LIGHT 8X10W  SPB403K,447.62,https://eckomusic.com/wp-content/uploads/2022/07/009201-300x300.jpg
LED ITALY AUDIO SPIDER LIGHT 8X10W  SPB403K,447.62,https://eckomusic.com/wp-content/uploads/2022/07/009201-300x300.jpg
LED ITALY AUDIO SPIDER LIGHT 8X10W  SPB403K,447.62,https://eckomusic.com/wp-content/uploads/2022/07/009201-300x300.jpg
LED ITALY AUDIO SPIDER LIGHT 8X10W  SPB403K,447.62,https://eckomusic.com/wp-content/uploads/2022/07/009201-300x300.jpg
LED ITALY AUDIO SPIDER LIGHT 8X10W  SPB403K,447.62,https://eckomusic.com/wp-content/uploads/2022/07/009201-300x300.jpg
LED ITALY AUDIO SPIDER LIGHT 8X10W  SPB403K,447.62,https://eckomusic.com/wp-content/uploads/2022/07/009201-300x300.jpg
LED ITALY AUDIO SPIDER LIGHT 8X10W  SPB403K,447.62,https://eckomusic.com/wp-content/uploads/2022/07/009201-300x300.jpg
