CUERDA ALICE CLASICA 0.28 – 0.44 TENSION DURA  A106-H4,1.09,https://eckomusic.com/wp-content/uploads/2022/05/006285-300x300.jpg
CUERDA ALICE CLASICA 0.28 – 0.44 TENSION DURA  A106-H4,1.09,https://eckomusic.com/wp-content/uploads/2022/05/006285-300x300.jpg
CUERDA ALICE CLASICA 0.28 – 0.44 TENSION DURA  A106-H4,1.09,https://eckomusic.com/wp-content/uploads/2022/05/006285-300x300.jpg
CUERDA ALICE CLASICA 0.28 – 0.44 TENSION DURA  A106-H4,1.09,https://eckomusic.com/wp-content/uploads/2022/05/006285-300x300.jpg
CUERDA ALICE CLASICA 0.28 – 0.44 TENSION DURA  A106-H4,1.09,https://eckomusic.com/wp-content/uploads/2022/05/006285-300x300.jpg
CUERDA ALICE CLASICA 0.28 – 0.44 TENSION DURA  A106-H4,1.09,https://eckomusic.com/wp-content/uploads/2022/05/006285-300x300.jpg
CUERDA ALICE CLASICA 0.28 – 0.44 TENSION DURA  A106-H4,1.09,https://eckomusic.com/wp-content/uploads/2022/05/006285-300x300.jpg
CUERDA ALICE CLASICA 0.28 – 0.44 TENSION DURA  A106-H4,1.09,https://eckomusic.com/wp-content/uploads/2022/05/006285-300x300.jpg
CUERDA ALICE CLASICA 0.28 – 0.44 TENSION DURA  A106-H4,1.09,https://eckomusic.com/wp-content/uploads/2022/05/006285-300x300.jpg
CUERDA ALICE CLASICA 0.28 – 0.44 TENSION DURA  A106-H4,1.09,https://eckomusic.com/wp-content/uploads/2022/05/006285-300x300.jpg
CUERDA ALICE CLASICA 0.28 – 0.44 TENSION DURA  A106-H4,1.09,https://eckomusic.com/wp-content/uploads/2022/05/006285-300x300.jpg
CUERDA ALICE CLASICA 0.28 – 0.44 TENSION DURA  A106-H4,1.09,https://eckomusic.com/wp-content/uploads/2022/05/006285-300x300.jpg
CUERDA ALICE CLASICA 0.28 – 0.44 TENSION DURA  A106-H4,1.09,https://eckomusic.com/wp-content/uploads/2022/05/006285-300x300.jpg
