Mini Consola Retro Nes Tipo Nintendo Gameboy,11.20,https://eckomusic.com/wp-content/uploads/woocommerce-placeholder-300x300.png
Mini Consola Retro Nes Tipo Nintendo Gameboy,11.20,https://eckomusic.com/wp-content/uploads/woocommerce-placeholder-300x300.png
Mini Consola Retro Nes Tipo Nintendo Gameboy,11.20,https://eckomusic.com/wp-content/uploads/woocommerce-placeholder-300x300.png
Mini Consola Retro Nes Tipo Nintendo Gameboy,11.20,https://eckomusic.com/wp-content/uploads/woocommerce-placeholder-300x300.png
Mini Consola Retro Nes Tipo Nintendo Gameboy,11.20,https://eckomusic.com/wp-content/uploads/woocommerce-placeholder-300x300.png
Mini Consola Retro Nes Tipo Nintendo Gameboy,11.20,https://eckomusic.com/wp-content/uploads/woocommerce-placeholder-300x300.png
Mini Consola Retro Nes Tipo Nintendo Gameboy,11.20,https://eckomusic.com/wp-content/uploads/woocommerce-placeholder-300x300.png
Mini Consola Retro Nes Tipo Nintendo Gameboy,11.20,https://eckomusic.com/wp-content/uploads/woocommerce-placeholder-300x300.png
Mini Consola Retro Nes Tipo Nintendo Gameboy,11.20,https://eckomusic.com/wp-content/uploads/woocommerce-placeholder-300x300.png
Mini Consola Retro Nes Tipo Nintendo Gameboy,11.20,https://eckomusic.com/wp-content/uploads/woocommerce-placeholder-300x300.png
Mini Consola Retro Nes Tipo Nintendo Gameboy,11.20,https://eckomusic.com/wp-content/uploads/woocommerce-placeholder-300x300.png
Mini Consola Retro Nes Tipo Nintendo Gameboy,11.20,https://eckomusic.com/wp-content/uploads/woocommerce-placeholder-300x300.png
Mini Consola Retro Nes Tipo Nintendo Gameboy,11.20,https://eckomusic.com/wp-content/uploads/woocommerce-placeholder-300x300.png
